Municipio,Desaparecidos,Habitantes,Desaparecidos_1000,Mun_Caguan
MAPIRIPÁN,382,7271,"52,53747765",No
VISTAHERMOSA,754,17060,"44,19695193",Yes
RECETOR,69,1825,"37,80821918",No
SAN FRANCISCO(ANTIOQUIA),192,6074,"31,61014159",No
PUERTO CONCORDIA,269,8707,"30,89468244",No
MUTATÁ,442,14838,"29,78838118",No
ARGELIA(ANTIOQUIA),226,7780,"29,04884319",No
VALPARAÍSO(CAQUETÁ),202,7199,"28,0594527",No
GRANADA(ANTIOQUIA),271,10069,"26,91429139",No
CURILLO,202,7938,"25,44721592",No
DABEIBA,571,24242,"23,5541622",No
SOLITA,152,6480,"23,45679012",No
SAN CARLOS,371,16304,"22,75515211",No
MIRAFLORES,202,9136,"22,11033275",No
EL CASTILLO,166,7527,"22,05393915",No
TIBÚ,1269,59845,"21,20477901",No
VALLE DEL GUAMUEZ,722,35621,"20,26894248",No
TARAZÁ,582,28868,"20,16073161",No
PUERTO BERRÍO,846,41983,"20,15101351",No
LA VICTORIA,22,1132,"19,43462898",No
SAN LUIS,256,13532,"18,91812001",No
SAN JOSÉ DEL GUAVIARE,1093,58206,"18,77813284",No
EL RETORNO,263,14306,"18,38389487",No
MESETAS,193,10598,"18,2109832",Yes
PUERTO LLERAS,191,10520,"18,15589354",No
MORELIA,68,3826,"17,77313121",No
POLICARPA,173,9787,"17,67650966",No
VALDIVIA,240,14542,"16,50391968",No
ALMEIDA,30,1831,"16,38448935",No
SAN JUAN DE ARAMA,141,9007,"15,65449095",No
SAN MIGUEL(PUTUMAYO),310,19973,"15,52095329",No
SAN PABLO,452,29476,"15,33450943",No
URIBE,147,9634,"15,25845962",Yes
PUERTO PARRA,123,8169,"15,05692251",No
ALBANIA,65,4489,"14,47983961",No
MURINDÓ,78,5398,"14,44979622",No
PUERTO TRIUNFO,271,19566,"13,85055709",No
SAMANÁ,277,20317,"13,63390264",No
EL DORADO,54,4035,"13,38289963",No
MILÁN,136,10165,"13,3792425",No
SAN JOSÉ DEL PALMAR,66,5040,"13,0952381",No
BUENAVISTA,57,4455,"12,79461279",No
NARIÑO,131,10257,"12,77176562",No
PUERTO NARE,181,14890,"12,15580927",No
TURBO,1623,134278,"12,08686456",No
UNGUÍA,157,13027,"12,05189222",No
LA MONTAÑITA,180,15003,"11,99760048",No
VALENCIA,429,36886,"11,63042889",No
CHÁMEZA,31,2676,"11,58445441",No
MACEO,97,8505,"11,40505585",No
SAN PEDRO DE URABÁ,378,33150,"11,40271493",No
TAME,576,50754,"11,3488592",No
COCORNÁ,173,15296,"11,31014644",No
ZAMBRANO,142,12634,"11,23951243",No
SAN JOSÉ DEL FRAGUA,148,13379,"11,06211227",No
PUERTO BOYACÁ,532,48930,"10,87267525",No
PUERTO ASÍS,744,69074,"10,77105713",No
CIMITARRA,377,35056,"10,75422182",No
PUERTO RICO,288,26838,"10,73105298",No
YACOPÍ,142,13474,"10,5388155",No
BELÉN DE LOS ANDAQUÍES,114,11418,"9,984235418",No
SAN RAFAEL,156,16151,"9,658844654",No
RIOSUCIO,506,52878,"9,56919702",No
CRAVO NORTE,41,4294,"9,5482068",No
SOLANO,112,11749,"9,532726189",No
ORITO,378,39810,"9,495101733",No
PAJARITO,23,2446,"9,403107114",No
SIMITÍ,184,19632,"9,372453138",No
VENECIA,113,12080,"9,354304636",No
ITUANGO,266,28656,"9,28252373",No
YONDÓ,192,20741,"9,257027144",No
SAN MARTÍN,272,29794,"9,129354904",No
TIERRALTA,875,96620,"9,056096046",No
TRUJILLO,173,19220,"9,001040583",No
CALAMAR,210,23683,"8,867119875",No
PÁEZ,29,3288,"8,819951338",No
PUERTO CAICEDO,140,16448,"8,511673152",No
NORCASIA,53,6235,"8,500400962",No
MONTEBELLO,58,6848,"8,469626168",No
URAMITA,60,7114,"8,434073658",No
CARTAGENA DEL CHAIRÁ,268,31817,"8,423170003",No
CONCORDIA,187,22364,"8,361652656",No
SAN VICENTE DE CHUCURÍ,277,34224,"8,09373539",No
LA PALMA,85,10521,"8,079079935",No
PUERTO SANTANDER,76,9439,"8,051700392",No
LA PINTADA,69,8726,"7,907403163",No
PEQUE,67,8543,"7,842678216",No
NECOCLÍ,356,45503,"7,823659978",No
MONTERREY,143,18292,"7,817625191",No
BARRANCA DE UPÍA,52,6684,"7,779772591",No
SAN EDUARDO,13,1682,"7,728894174",No
SAN ALBERTO,226,29472,"7,668295331",No
BRICEÑO,63,8373,"7,52418488",No
SONSÓN,283,37767,"7,493314269",No
LA DORADA,564,75319,"7,4881504",No
SAN VICENTE DEL CAGUÁN,400,53717,"7,446432228",Yes
CHIGORODÓ,452,61714,"7,324107982",No
PAILITAS,149,20407,"7,301416181",No
PUERTO RONDÓN,37,5098,"7,257748137",No
VIOTÁ,108,14883,"7,256601492",No
EL COPEY,237,32777,"7,23068005",No
PUERTO LÓPEZ,221,30799,"7,175557648",No
FORTUL,148,20883,"7,087104343",No
EL CHARCO,159,22574,"7,043501373",No
CHALÁN,33,4715,"6,998939555",No
EL CARMEN DE ATRATO,58,8343,"6,951935755",No
CUMBITARA,40,5773,"6,928806513",No
SIMACOTA,72,10418,"6,911115377",No
APARTADÓ,910,131754,"6,906811178",No
PUERTO RICO,183,26838,"6,818689917",No
VICTORIA,71,10533,"6,740719643",No
LEJANÍAS,75,11341,"6,613173441",No
ALEJANDRÍA,32,4845,"6,604747162",No
ANORÍ,130,19704,"6,597645148",No
FRONTINO,140,21346,"6,558605828",No
OTANCHE,52,8112,"6,41025641",No
REMEDIOS,195,30559,"6,381098858",No
SALGAR,120,18831,"6,372470926",No
SAN JUANITO,8,1263,"6,334125099",No
AGUSTÍN CODAZZI,415,66979,"6,195971872",No
SAN LUIS DE GACENO,34,5547,"6,129439337",No
CÓRDOBA,103,16892,"6,097560976",No
PUERTO GAITÁN,270,44314,"6,09288261",No
BECERRIL,147,24138,"6,0899826",No
CÁCERES,190,31309,"6,068542592",No
SAN ROQUE,134,22271,"6,016793139",No
CUBARRAL,43,7182,"5,987190198",No
TOLEDO,31,5200,"5,961538462",No
ACANDÍ,85,14385,"5,908932916",No
AGUAZUL,226,38607,"5,853860699",No
SANTO DOMINGO,74,12708,"5,823103557",No
URRAO,185,31839,"5,810483998",No
EL DONCELLO,114,19692,"5,789152956",No
SÁCAMA,12,2091,"5,738880918",No
SAN ANDRÉS DE CUERQUÍA,43,7508,"5,727224294",No
CAUCASIA,562,98423,"5,710047448",No
CURUMANÍ,231,41080,"5,623174294",No
PENSILVANIA,113,20102,"5,621331211",No
AMALFI,156,27921,"5,587192436",No
MEDINA,49,8806,"5,564387917",No
ARBOLETES,175,31462,"5,56226559",No
PELAYA,128,23085,"5,544726013",No
CALAMAR,130,23683,"5,489169446",No
CISNEROS,56,10246,"5,465547531",No
SAN JUAN DE RIOSECO,50,9155,"5,46149645",No
GRANADA(META),391,71725,"5,451376786",No
SABANAS DE SAN ÁNGEL,93,17152,"5,422108209",No
TAURAMENA,138,25573,"5,396316427",No
EL DOVIO,47,8724,"5,387436956",No
GÉNOVA,41,7636,"5,3693033",No
FUNDACIÓN,382,72280,"5,285002767",No
PUEBLO RICO,88,16734,"5,258754631",No
LÉRIDA,97,18711,"5,184116295",No
REMOLINO,63,12232,"5,150425114",No
LA PRIMAVERA,50,9846,"5,078204347",No
BETULIA,83,16392,"5,063445583",No
YALÍ,40,7921,"5,049867441",No
CIUDAD BOLÍVAR,137,27134,"5,049015995",No
SARAVENA,329,65314,"5,037204887",No
COLOSO,45,8943,"5,031868501",No
CANTAGALLO,44,8918,"4,933841669",No
CAMPAMENTO,47,9531,"4,931276886",No
EL CARMEN DE BOLÍVAR,367,74436,"4,930410017",No
BARRANCABERMEJA,1055,214689,"4,914085025",No
SAN JOSÉ DE LA MONTAÑA,19,3882,"4,894384338",No
ARENAL,39,7974,"4,89089541",No
CARURÚ,17,3498,"4,859919954",No
VEGACHÍ,60,12414,"4,833252779",No
FLORENCIA,854,176706,"4,832886263",No
EL CARMEN DE CHUCURÍ,107,22230,"4,81331534",No
LA MACARENA,137,28508,"4,805668584",Yes
LABRANZAGRANDE,17,3540,"4,802259887",No
SANTA ROSA,109,22982,"4,742842224",No
DIBULLA,207,43663,"4,740856102",No
EL PAUJÍL,89,18859,"4,719232197",No
CIÉNAGA,597,127494,"4,682573298",No
SAMANIEGO,130,27766,"4,681985162",No
VILLANUEVA,121,25876,"4,676147782",No
RICAURTE,72,15411,"4,671987541",No
ARAUQUITA,270,58270,"4,633602197",No
PIVIJAY,185,39962,"4,629397928",No
CABRERA,25,5429,"4,604899613",No
SANTA HELENA DEL OPÓN,16,3475,"4,604316547",No
SANTUARIO,58,12649,"4,585342715",No
OLAYA,15,3274,"4,581551619",No
EL PLAYÓN,64,14302,"4,474898616",No
CAREPA,236,52749,"4,474018465",No
PIAMONTE,42,9409,"4,463811245",No
SEGOVIA,181,40607,"4,457359569",No
LA ESPERANZA,56,12610,"4,440919905",No
OVEJAS,106,24003,"4,416114652",No
PUERTO WILCHES,153,34849,"4,390369881",No
CAÑASGORDAS,70,16037,"4,364906155",No
ARACATACA,185,42545,"4,348337055",No
EL TARRA,97,22346,"4,340821624",No
EL CARMEN,62,14309,"4,332937312",No
PUERTO GUZMÁN,163,37682,"4,325672735",No
JURADÓ,30,6952,"4,315304948",No
SITIONUEVO,129,29905,"4,313659923",No
BARBACOAS,243,56586,"4,294348425",No
SAN ONOFRE,223,52346,"4,260115386",No
EL BAGRE,236,55525,"4,250337686",No
PARATEBUENO,42,9886,"4,248432126",No
SAN MARTÍN,125,29794,"4,195475599",No
ANZÁ,31,7393,"4,193155688",No
HONDA,103,24666,"4,175788535",No
VILLAGARZÓN,103,24759,"4,160103397",No
UBALÁ,34,8353,"4,07039387",No
CHISCAS,16,3939,"4,061944656",No
TOLEDO,21,5200,"4,038461538",No
LA MERCED,24,5985,"4,010025063",No
PUERTO LEGUÍZAMO,121,30312,"3,991818422",No
ANGELÓPOLIS,24,6023,"3,98472522",No
YOLOMBÓ,96,24239,"3,960559429",No
TEORAMA,71,18008,"3,942692137",No
MANAURE BALCÓN DEL CESAR,44,11221,"3,921219143",No
BUGALAGRANDE,97,24772,"3,915711287",No
PUEBLO BELLO,119,30491,"3,902790988",No
SABANA DE TORRES,137,35212,"3,890719073",No
CONCEPCIÓN,19,4906,"3,872808806",No
CAMPOHERMOSO,12,3102,"3,868471954",No
FRESNO,121,31349,"3,859772242",No
CHAGUANÍ,18,4680,"3,846153846",No
SAN JACINTO,96,25175,"3,813306852",No
VIGÍA DEL FUERTE,37,9717,"3,807759597",No
PUERTO CARREÑO,79,20798,"3,798442158",No
GUADALUPE,26,6873,"3,782918667",No
RÍO VIEJO,41,11008,"3,724563953",No
SANTA ROSALÍA,16,4297,"3,723528043",No
BOSCONIA,165,44878,"3,676634431",No
BOJAYÁ,46,12525,"3,672654691",No
SANTA MARÍA,13,3545,"3,667136812",No
PÁEZ,12,3288,"3,649635036",No
CONVENCIÓN,73,20019,"3,646535791",No
MUZO,31,8507,"3,644057835",No
CARACOLÍ,17,4673,"3,637919966",No
MORALES,87,23940,"3,634085213",No
TAMINANGO,65,17897,"3,631893613",No
MOCOA,219,60572,"3,615531929",No
ÚTICA,17,4755,"3,575184017",No
EL CALVARIO,6,1679,"3,573555688",No
GUADUAS,127,35617,"3,565713002",No
SOPETRÁN,57,15996,"3,563390848",No
SABANALARGA,34,9567,"3,55388314",No
SAN DIEGO,74,21199,"3,490730695",No
CORINTO,90,25847,"3,482028862",No
PLANADAS,90,25930,"3,470883147",No
LOS ANDES,32,9276,"3,449762829",No
FUENTE DE ORO,43,12587,"3,416223087",No
PUERTO LIBERTADOR,150,44233,"3,391133317",No
ROBERTO PAYÁN,43,12708,"3,38369531",No
ZONA BANANERA,256,75824,"3,376239713",No
TADÓ,61,18199,"3,351832518",No
YARUMAL,147,44009,"3,340225863",No
CABUYARO,21,6291,"3,338102051",No
LANDÁZURI,36,10787,"3,337350515",No
BUENOS AIRES,108,32568,"3,316138541",No
ABEJORRAL,69,20920,"3,298279159",No
TÁMESIS,55,16706,"3,292230336",No
DOLORES,27,8226,"3,282275711",No
AGUACHICA,398,122902,"3,238352509",No
HELICONIA,18,5563,"3,23566421",No
JERUSALÉN,8,2483,"3,221908981",No
COLOMBIA,23,7179,"3,203788829",No
ABRIAQUÍ,9,2820,"3,191489362",No
MISTRATÓ,56,17555,"3,189974366",No
SARDINATA,87,27312,"3,185413005",No
LA JAGUA DE IBIRICO,168,52771,"3,183566732",No
ZARAGOZA,84,26510,"3,168615617",No
NECHÍ,89,28213,"3,154574132",No
BETANIA,33,10605,"3,111739745",No
TOLÚ VIEJO,71,22828,"3,110215525",No
MARULANDA,8,2589,"3,089996138",No
SAN CALIXTO,38,12405,"3,063280935",No
MARQUETALIA,42,13727,"3,059663437",No
CUMARAL,72,23568,"3,054989817",No
EL ÁGUILA,26,8670,"2,998846597",No
PAYA,8,2670,"2,996254682",No
LA GLORIA,57,19105,"2,98351217",No
ALGARROBO,51,17214,"2,962704775",No
PRADO,25,8458,"2,955781509",No
MATANZA,15,5130,"2,923976608",No
TIQUISIO,57,19521,"2,919932381",No
NÓVITA,27,9250,"2,918918919",No
MACANAL,15,5140,"2,918287938",No
CÁCHIRA,33,11410,"2,892199825",No
LA PAZ,88,30657,"2,870470039",No
MIRAFLORES,26,9136,"2,845884413",No
ARAUCA,284,100365,"2,829671698",No
FALAN,21,7423,"2,829044861",No
EL GUAMO,26,9212,"2,822405558",No
BAHÍA SOLANO,29,10443,"2,776979795",No
MANÍ,49,17737,"2,762586683",No
CHIVOR,7,2560,"2,734375",No
EL CAIRO,18,6588,"2,732240437",No
NATAGAIMA,40,14746,"2,712600027",No
SAN PEDRO DE LOS MILAGROS,64,23603,"2,711519722",No
CAROLINA,11,4096,"2,685546875",No
SANTIAGO,10,3737,"2,67594327",No
SAN CARLOS DE GUAROA,35,13084,"2,675022929",No
ALBANIA,12,4489,"2,673201158",No
ISTMINA,83,31298,"2,651926641",No
LA VICTORIA,3,1132,"2,650176678",No
CUMARIBO,214,80837,"2,647302597",No
LA UNIÓN,61,23094,"2,641378713",No
HERVEO,19,7250,"2,620689655",No
GUAYATÁ,9,3437,"2,6185627",No
TOPAIPÍ,12,4594,"2,612102743",No
VILLARRICA,13,4985,"2,60782347",No
ANGOSTURA,31,11896,"2,605917956",No
LA PEÑA,17,6536,"2,600979192",No
PATÍA,99,38094,"2,598834462",No
PLATO,170,65641,"2,589844762",No
SAN LUIS,35,13532,"2,58646172",No
PUERTO SALGAR,46,17878,"2,572994742",No
GAMARRA,42,16429,"2,556455049",No
RIOBLANCO,58,22732,"2,551469294",No
SAN JUAN DE URABÁ,55,21608,"2,545353573",No
RONCESVALLES,14,5507,"2,542218994",No
SANTA BÁRBARA,71,28034,"2,532638938",No
ALTOS DEL ROSARIO,30,11881,"2,52503998",No
CAPITANEJO,14,5582,"2,508061627",No
BARRANCO DE LOBA,39,15566,"2,505460619",No
RIOFRÍO,39,15657,"2,49089864",No
BUENAVENTURA,781,315743,"2,473530688",No
CARMEN DEL DARIÉN,49,19825,"2,471626734",No
ANDES,112,45577,"2,457379819",No
HISPANIA,14,5765,"2,428447528",No
SABANALARGA,23,9567,"2,404097418",No
LIBORINA,25,10405,"2,402691014",No
MURILLO,10,4164,"2,401536984",No
URUMITA,28,11688,"2,395619439",No
ATACO,46,19214,"2,394087644",No
SAN PEDRO,47,19675,"2,388818297",No
SAN MARTÍN DE LOBA,36,15275,"2,356792144",No
TITIRIBÍ,26,11053,"2,352302542",No
SANTA MARTA,1295,552391,"2,344353909",No
TRINIDAD,32,13660,"2,342606149",No
ARBOLEDAS,24,10246,"2,342377513",No
SAN ANDRÉS DE TUMACO,601,257326,"2,335558785",No
TARSO,15,6425,"2,33463035",No
MACARAVITA,5,2144,"2,332089552",No
PUEBLORRICO,21,9007,"2,331519929",No
HACARÍ,25,10804,"2,313957793",No
SAN JUAN NEPOMUCENO,91,39506,"2,303447578",No
FLORIÁN,13,5694,"2,283105023",No
HATO COROZAL,28,12298,"2,276792974",No
MONTELÍBANO,198,87187,"2,270980765",No
MANZANARES,41,18106,"2,264442726",No
ARGELIA,61,27013,"2,258171991",No
SANTA ROSA DEL SUR,80,35452,"2,256572267",No
VALPARAÍSO(ANTIOQUIA),15,6674,"2,24752772",No
MIRANDA,73,32602,"2,239126434",No
TENERIFE,31,13846,"2,238913766",No
CAPARRAPÍ,31,13931,"2,225253033",No
SURATÁ,9,4062,"2,215657312",No
SAN JACINTO DEL CAUCA,24,10915,"2,198808978",No
BETULIA,36,16392,"2,196193265",No
PULÍ,8,3687,"2,169785734",No
VILLAHERMOSA,20,9233,"2,166143182",No
LA SALINA,3,1390,"2,158273381",No
EL ROSARIO,26,12072,"2,153744201",No
SIPÍ,7,3271,"2,140018343",No
SUAITA,22,10349,"2,125809257",No
MALLAMA,19,8954,"2,121956667",No
AGUADA,4,1902,"2,103049422",No
LÍBANO,76,36414,"2,087109354",No
HATO,5,2415,"2,070393375",No
BAJO BAUDÓ,64,30959,"2,067250234",No
RIOSUCIO,109,52878,"2,061348765",No
BELMIRA,13,6307,"2,061201839",No
QUINCHÍA,57,27746,"2,054350177",No
EL PEÑÓN,17,8281,"2,052892163",No
EL SANTUARIO,77,37747,"2,03989721",No
CONCEPCIÓN,10,4906,"2,038320424",No
PALOCABILDO,20,9866,"2,027163998",No
JARDÍN,31,15293,"2,027071209",No
BARAYA,17,8403,"2,023086993",No
ROLDANILLO,75,37248,"2,013530928",No
TIBACUY,10,4975,"2,010050251",No
VERSALLES,14,7037,"1,989484155",No
QUÍPAMA,10,5049,"1,980590216",No
VILLANUEVA,51,25876,"1,970938321",No
OBANDO,24,12193,"1,968342492",No
COROMORO,10,5118,"1,953888238",No
ZAPATOCA,19,9746,"1,949517751",No
TÁMARA,13,6670,"1,949025487",No
CALIMA,36,18495,"1,946472019",No
SEVILLA,81,41670,"1,943844492",No
CAICEDONIA,56,28879,"1,939125316",No
MONTECRISTO,35,18054,"1,938628559",No
SUCRE,19,9826,"1,93364543",No
CHIRIGUANÁ,59,30687,"1,922638251",No
EL TAMBO,105,54629,"1,922056051",No
ARMENIA,10,5232,"1,911314985",No
ZARZAL,82,42940,"1,90964136",No
GACHALÁ,9,4724,"1,905165114",No
COYAIMA,43,22604,"1,902318174",No
EL ENCANTO,4,2111,"1,89483657",No
GUATAPÉ,17,8981,"1,892884979",No
LEIVA,18,9579,"1,879110554",No
ACACÍAS,175,93323,"1,875207612",No
SALAMINA,37,19733,"1,875031673",No
BERBEO,3,1603,"1,871490954",No
ARIGUANÍ,61,32601,"1,871108248",No
BARBOSA,104,56053,"1,855386866",No
VITERBO,24,13078,"1,835142988",No
OLAYA HERRERA,46,25232,"1,823081801",No
SAN JERÓNIMO,30,16520,"1,81598063",No
LA APARTADA,28,15446,"1,812767059",No
PORE,22,12248,"1,796211626",No
SALDAÑA,26,14546,"1,787432971",No
GUÁTICA,22,12319,"1,785859242",No
ICONONZO,21,11953,"1,756881118",No
LA VIRGINIA,50,28465,"1,756543123",No
GUADALUPE,12,6873,"1,745962462",No
EL ZULIA,52,29955,"1,735937239",No
DAGUA,86,49631,"1,732787975",No
QUEBRADANEGRA,9,5284,"1,70325511",No
ALGECIRAS,39,22941,"1,700013077",No
GALÁN,5,2945,"1,697792869",No
NUNCHÍA,15,8850,"1,694915254",No
EL CARMEN DE VIBORAL,109,64546,"1,688718124",No
RÍO DE ORO,31,18427,"1,682313996",No
PEDRAZA,16,9526,"1,679613689",No
CARAMANTA,8,4793,"1,669100772",No
GÜEPSA,9,5409,"1,663893511",No
ULLOA,9,5449,"1,651679207",No
SAN BENITO,5,3028,"1,651254954",No
PISBA,3,1817,"1,651073198",No
PAUNA,12,7309,"1,641811465",No
GACHETÁ,15,9157,"1,638091078",No
SILVANIA,41,25190,"1,627630012",No
JERICÓ,23,14133,"1,627396873",No
LÓPEZ DE MICAY,31,19239,"1,611310359",No
GUADALUPE,11,6873,"1,60046559",No
LEBRIJA,71,45008,"1,577497334",No
MERCADERES,37,23467,"1,576682149",No
GUARANDA,30,19055,"1,574389924",No
MEDIO BAUDÓ,25,15937,"1,568676664",No
CAJAMARCA,29,18535,"1,564607499",No
TAMALAMEQUE,26,16766,"1,550757485",No
CUNDAY,13,8414,"1,545043974",No
SASAIMA,19,12355,"1,537838932",No
NUQUÍ,26,16911,"1,537460824",No
PIJAO,8,5251,"1,52351933",No
MITÚ,54,35838,"1,506780512",No
VENADILLO,19,12787,"1,485884101",No
BELTRÁN,3,2022,"1,483679525",No
MORROA,24,16245,"1,477377655",No
BALBOA,32,21780,"1,469237833",No
GÓMEZ PLATA,15,10230,"1,46627566",No
SABANALARGA,14,9567,"1,463363646",No
CEPITÁ,3,2063,"1,454192923",No
BITUIMA,4,2754,"1,452432825",No
MEDIO ATRATO,16,11107,"1,440532997",No
TULUÁ,319,221604,"1,439504702",No
BOLÍVAR,54,37586,"1,436705156",No
CALOTO,44,30699,"1,433271442",No
GUAMAL,41,28626,"1,432264375",No
CHAPARRAL,73,51005,"1,431232232",No
LA BELLEZA,9,6294,"1,42993327",No
GUAMO,47,32938,"1,42692331",No
QUIPILE,10,7009,"1,426737052",No
VILLAVICENCIO,783,554173,"1,412916183",No
EL GUACAMAYO,3,2124,"1,412429379",No
CANALETE,22,15668,"1,404135818",No
SANTA ISABEL,8,5702,"1,403016485",No
FLORIDA,82,58689,"1,397195386",No
MARÍA LA BAJA,69,49686,"1,388721169",No
CUBARÁ,15,10897,"1,376525649",No
GUAYABAL DE SÍQUIMA,7,5087,"1,376056615",No
SUPÍA,41,29884,"1,371971624",No
SAN JUAN DEL CESAR,70,51463,"1,360200532",No
QUIBDÓ,180,132918,"1,35421839",No
SANTACRUZ,15,11086,"1,353057911",No
BUENAVISTA,6,4455,"1,346801347",No
ROVIRA,29,21600,"1,342592593",No
VALLEDUPAR,739,552048,"1,338651711",No
LA CHORRERA,4,3004,"1,331557923",No
SANTA ROSA DE OSOS,52,39058,"1,331353372",No
AYAPEL,63,47954,"1,313759019",No
BELÉN DE UMBRÍA,33,25135,"1,312910284",No
EL ROBLE,14,10694,"1,309145315",No
PAIME,6,4589,"1,307474395",No
SANTA ROSA,30,22982,"1,30536942",No
TORO,19,14570,"1,304049417",No
SAN LUIS DE PALENQUE,11,8477,"1,297628878",No
SAN VICENTE FERRER,30,23170,"1,29477773",No
LA SIERRA,14,10825,"1,29330254",No
ANZOÁTEGUI,13,10057,"1,292631998",No
PAZ DE ARIPORO,49,37933,"1,291751246",No
APÍA,16,12432,"1,287001287",No
SALAZAR,14,10931,"1,280761138",No
ZETAQUIRA,6,4687,"1,280136548",No
RESTREPO,24,18958,"1,265956325",No
GUADALAJARA DE BUGA,164,130564,"1,256088968",No
PALESTINA,20,15956,"1,253446979",No
ACHÍ,32,25531,"1,253378246",No
TELLO,15,11991,"1,250938204",No
LA CEJA,88,70470,"1,248758337",No
ACEVEDO,32,25713,"1,24450667",No
ALCALÁ,18,14477,"1,243351523",No
YOPAL,224,180513,"1,240907857",No
ARROYOHONDO,11,8933,"1,231389231",No
ISNOS,32,26141,"1,224130676",No
DURANIA,6,4903,"1,223740567",No
GÁMBITA,5,4088,"1,223091977",No
YOTOCO,20,16400,"1,219512195",No
ONZAGA,5,4159,"1,20221207",No
PLANETA RICA,79,65745,"1,20161229",No
NÁTAGA,8,6680,"1,19760479",No
LA CELIA,9,7554,"1,191421763",No
MACHETÁ,8,6733,"1,188177633",No
SAN ANTONIO,15,12634,"1,187272439",No
MONTERÍA,608,512994,"1,185199047",No
MARMATO,11,9330,"1,178992497",No
SANTANDER DE QUILICHAO,135,114832,"1,175630486",No
FREDONIA,30,25526,"1,175272271",No
LA UNIÓN,27,23094,"1,16913484",No
CARCASÍ,5,4339,"1,152339249",No
AGUADAS,27,23452,"1,151287737",No
TONA,9,7865,"1,144310235",No
MEDELLÍN,2981,2612958,"1,140852628",No
SAN FELIPE,2,1758,"1,137656428",No
GUAPI,32,28139,"1,137211699",No
CAICEDO,10,8802,"1,136105431",No
SIBUNDOY,18,15902,"1,13193309",No
SANTA MARÍA,4,3545,"1,128349788",No
PRADERA,55,48770,"1,127742465",No
CHARALÁ,14,12503,"1,119731264",No
EBÉJICO,14,12512,"1,118925831",No
AMAGÁ,36,32259,"1,115967637",No
BURITICÁ,11,9934,"1,107308234",No
LA PLAYA,9,8155,"1,103617413",No
COVARACHÍA,3,2738,"1,095690285",No
DISTRACCIÓN,16,14788,"1,081958345",No
LA LLANADA,7,6476,"1,080914145",No
REGIDOR,8,7412,"1,079330815",No
JUNÍN,7,6514,"1,074608535",No
ORTEGA,37,34494,"1,072650316",No
LA CRUZ,20,18659,"1,071868803",No
LA TOLA,8,7468,"1,071237279",No
ÁBREGO,37,34574,"1,070168335",No
OCAÑA,141,131784,"1,069932617",No
SAN SEBASTIÁN,12,11239,"1,06771065",No
HOBO,8,7507,"1,065672039",No
EL RETÉN,23,21591,"1,065258673",No
EL BANCO,76,71484,"1,063174976",No
CONTRATACIÓN,4,3769,"1,061289467",No
RIOHACHA,222,209488,"1,059726571",No
RETIRO,27,25534,"1,057413645",No
TORIBÍO,39,37289,"1,045884845",No
MORICHAL,1,970,"1,030927835",No
SOMONDOCO,3,2919,"1,027749229",No
ANSERMANUEVO,18,17533,"1,026635487",No
PEÑOL,23,22448,"1,024590164",No
SAN ZENÓN,13,12757,"1,019048366",No
SUCRE,10,9826,"1,017708121",No
SALAMINA,20,19733,"1,013530634",No
CHITA,8,7898,"1,012914662",No
PACHO,28,27672,"1,011853137",No
ASTREA,22,21812,"1,008619109",No
LA JAGUA DEL PILAR,4,3979,"1,005277708",No
PALESTINA,16,15956,"1,002757583",No
RESTREPO,19,18958,"1,002215424",No
GUATEQUE,11,11051,"0,995385033",No
ANSERMA,37,37335,"0,9910271863",No
CASTILLA LA NUEVA,16,16165,"0,9897927621",No
RIONEGRO,144,147484,"0,9763770985",No
LA ARGENTINA,13,13378,"0,9717446554",No
GUARNE,58,59985,"0,9669083938",No
CAJIBÍO,42,43527,"0,9649183266",No
COLÓN,8,8323,"0,9611918779",No
COPACABANA,81,84389,"0,9598407375",No
COELLO,8,8364,"0,956480153",No
ALBÁN,7,7377,"0,9488952149",No
PUERTO ARICA,1,1059,"0,9442870633",No
PONEDERA,25,26505,"0,9432182607",No
SAN CAYETANO,5,5339,"0,9365049635",No
FONSECA,43,46232,"0,9300917114",No
VILLETA,29,31238,"0,9283564889",No
BELALCÁZAR,10,10837,"0,9227646027",No
JAMUNDÍ,154,169280,"0,9097353497",No
MEDIO SAN JUAN,10,11001,"0,909008272",No
PUEBLOVIEJO,30,33011,"0,9087879798",No
ALTAMIRA,4,4439,"0,9011038522",No
GINEBRA,21,23340,"0,8997429306",No
ALPUJARRA,4,4481,"0,8926578889",No
VILLANUEVA,23,25876,"0,888854537",No
RÍO IRÓ,5,5682,"0,8799718409",No
SAN AGUSTÍN,30,34281,"0,875120329",No
PUENTE NACIONAL,13,15123,"0,8596178007",No
EL MOLINO,7,8178,"0,8559550012",No
ENCISO,3,3510,"0,8547008547",No
APULO,8,9381,"0,8527875493",No
NOCAIMA,6,7037,"0,8526360665",No
TIMBIQUÍ,23,27038,"0,8506546342",No
GONZÁLEZ,4,4731,"0,845487212",No
GIRALDO,5,5929,"0,8433125316",No
TURBANÁ,15,17857,"0,8400067201",No
DONMATÍAS,17,20328,"0,8362849272",No
MAICAO,160,192085,"0,832964573",No
SAN BERNARDO,8,9635,"0,8303061754",No
SALENTO,8,9772,"0,8186655751",No
QUIMBAYA,26,31931,"0,8142557389",No
GUAPOTÁ,2,2458,"0,8136696501",No
PITALITO,106,130742,"0,8107570635",No
EL PIÑÓN,20,24699,"0,8097493826",No
CARTAGO,112,139026,"0,805604707",No
SAN JOSÉ,4,5002,"0,7996801279",No
PASTO,313,393009,"0,7964194204",No
GIGANTE,20,25127,"0,7959565408",No
CASABIANCA,5,6329,"0,7900142203",No
PINILLOS,20,25333,"0,7894840722",No
MARINILLA,55,70024,"0,7854449903",No
SAN JOSÉ DE URÉ,11,14023,"0,7844255865",No
GUTIÉRREZ,3,3825,"0,7843137255",No
EL COLEGIO,22,28072,"0,7836990596",No
NUEVA GRANADA,17,21707,"0,7831575068",No
VERGARA,6,7686,"0,7806401249",No
OROCUÉ,10,12851,"0,7781495603",No
FILADELFIA,9,11600,"0,775862069",No
SABANAGRANDE,28,36144,"0,7746790615",No
VALLE DE SAN JOSÉ,5,6455,"0,7745933385",No
SUAN,10,12949,"0,7722604062",No
GIRARDOTA,43,56148,"0,7658331552",No
SAN PEDRO,15,19675,"0,7623888183",No
CÚCUTA,602,791986,"0,7601144465",No
TIMBÍO,28,36875,"0,7593220339",No
TIMANÁ,17,22428,"0,7579810951",No
PALMAS DEL SOCORRO,2,2675,"0,7476635514",No
BOLÍVAR,28,37586,"0,7449582291",No
CALDAS,64,86042,"0,7438227842",No
NIMAIMA,3,4036,"0,7433102081",No
ANDALUCÍA,17,22878,"0,7430719468",No
VALLE DE SAN JUAN,4,5387,"0,7425283089",No
VILLA CARO,4,5403,"0,7403294466",No
ÍQUIRA,7,9497,"0,7370748657",No
ZAPAYÁN,8,10884,"0,7350238883",No
SAN PABLO DE BORBUR,5,6806,"0,7346459007",No
SAN ANTONIO DEL TEQUENDAMA,10,13758,"0,7268498328",No
PURIFICACIÓN,17,23657,"0,7186033732",No
BOLÍVAR,27,37586,"0,7183525781",No
CONDOTO,9,12565,"0,7162753681",No
FRANCISCO PIZARRO,10,14170,"0,705716302",No
MARSELLA,12,17005,"0,7056748015",No
FUNES,5,7141,"0,7001820473",No
BAGADÓ,8,11444,"0,699056274",No
IPIALES,81,115936,"0,6986613304",No
LINARES,7,10021,"0,6985330805",No
PALMAR,1,1433,"0,6978367062",No
LOS PALMITOS,17,24462,"0,6949554411",No
CUCUTILLA,6,8636,"0,6947660954",No
MARIPÍ,4,5759,"0,6945650287",No
CERRO DE SAN ANTONIO,7,10193,"0,6867458059",No
SOCOTÁ,5,7308,"0,6841817187",No
NARIÑO,7,10257,"0,6824607585",No
ROSAS,8,11724,"0,682360969",No
CHARTA,2,2942,"0,6798096533",No
CANDELARIA,12,17714,"0,6774302811",No
PUEBLO NUEVO,25,37032,"0,6750918125",No
GUATAQUÍ,2,2973,"0,6727211571",No
BOJACÁ,8,11898,"0,6723819129",No
VILLA DEL ROSARIO,76,113384,"0,6702885769",No
ALBANIA,3,4489,"0,6683002896",No
CALDONO,28,42447,"0,659646147",No
BUCARAMANGA,408,618967,"0,6591627664",No
RISARALDA,7,10753,"0,6509811215",No
GARZÓN,49,75353,"0,6502727164",No
EL ESPINO,2,3095,"0,6462035541",No
CHIMICHAGUA,24,37519,"0,6396758975",No
ATRATO,4,6308,"0,634115409",No
SAN MATEO,2,3173,"0,6303183107",No
TUNUNGUÁ,1,1598,"0,6257822278",No
RIONEGRO,92,147484,"0,6237964796",No
CHINAVITA,2,3237,"0,6178560395",No
LA ESTRELLA,48,77888,"0,6162695152",No
PURACÉ,11,17850,"0,6162464986",No
SUAZA,14,23102,"0,6060081378",No
EL PEÑÓN,5,8281,"0,6037918126",No
SINCELEJO,181,301126,"0,6010772899",No
VIANÍ,3,5005,"0,5994005994",No
LA PLATA,38,63404,"0,5993312725",No
CONFINES,2,3356,"0,5959475566",No
GARAGOA,11,18572,"0,592289468",No
SAN JOSÉ DE PARE,3,5066,"0,592183182",No
ALTO BAUDÓ,17,28751,"0,5912837814",No
PADILLA,6,10152,"0,5910165485",No
MÁLAGA,13,22079,"0,5887947824",No
LA TEBAIDA,21,35692,"0,5883671411",No
MAGANGUÉ,84,143710,"0,5845104725",No
POPAYÁN,193,330750,"0,5835222978",No
PANQUEBA,1,1720,"0,5813953488",No
PASCA,6,10323,"0,5812263877",No
OPORAPA,7,12116,"0,5777484318",No
AQUITANIA,9,15755,"0,5712472231",No
SAN ANDRÉS,5,8758,"0,5709065997",No
SAN CRISTÓBAL,5,8788,"0,5689576695",No
CLEMENCIA,9,15848,"0,5678950025",No
LOS CÓRDOBAS,11,19607,"0,561024124",No
SANTA ANA,15,26737,"0,5610203089",No
MAJAGUAL,22,39233,"0,5607524278",No
LA VEGA,14,25036,"0,5591947595",No
GUACARÍ,19,34000,"0,5588235294",No
ARANZAZU,6,10741,"0,558607206",No
SAN BENITO ABAD,17,30495,"0,5574684374",No
BOCHALEMA,5,9014,"0,5546927002",No
CUÍTIVA,1,1834,"0,5452562704",No
BELLO,310,569488,"0,5443486079",No
EL PASO,23,42322,"0,5434525779",No
PROVIDENCIA,3,5558,"0,5397625045",No
MOMIL,11,20422,"0,5386348056",No
LA CUMBRE,9,16716,"0,5384063173",No
EL PEÑOL,4,7450,"0,5369127517",No
IMUÉS,4,7452,"0,5367686527",No
BARBOSA,30,56053,"0,5352077498",No
SANTIAGO,2,3737,"0,535188654",No
SANTA BÁRBARA,15,28034,"0,5350645645",No
MAHATES,16,30105,"0,5314731772",No
JAMBALÓ,10,18869,"0,5299697917",No
PAMPLONA,29,54930,"0,5279446568",No
CHINCHINÁ,28,53184,"0,5264741276",No
QUETAME,3,5700,"0,5263157895",No
PALMITO,8,15423,"0,518705829",No
PUERTO TEJADA,22,42462,"0,5181103104",No
SANTA BÁRBARA DE PINTO,6,11584,"0,5179558011",No
EL LITORAL DEL SAN JUAN,12,23260,"0,5159071367",No
SANTIAGO DE TOLÚ,18,34943,"0,5151246315",No
SUÁREZ,17,33053,"0,5143254773",No
NEIRA,11,21484,"0,5120089369",No
SANTANA,4,7814,"0,5119017149",No
GRAMALOTE,4,7840,"0,5102040816",No
CONSACÁ,7,13750,"0,5090909091",No
SUCRE,5,9826,"0,5088540607",No
MAGÜÍ,13,25570,"0,508408291",No
ITAGÜÍ,151,299098,"0,5048512528",No
CAMPOALEGRE,16,31865,"0,5021183116",No
MORALES,12,23940,"0,5012531328",No
TARAPACÁ,2,4005,"0,4993757803",No
GUACA,3,6020,"0,4983388704",No
COROZAL,36,72582,"0,4959907415",No
IZA,1,2022,"0,4945598417",No
NEIVA,182,370318,"0,4914694938",No
EL TABLÓN DE GÓMEZ,7,14273,"0,4904364885",No
CHINÚ,24,49422,"0,4856136943",No
PUERTO ESCONDIDO,12,24733,"0,485181741",No
EL PEÑÓN,4,8281,"0,4830334501",No
LA UNIÓN,11,23094,"0,4763141942",No
AIPE,8,16818,"0,4756808182",No
MELGAR,18,37880,"0,4751847941",No
CHITAGÁ,6,12629,"0,475096999",No
PAZ DE RÍO,2,4254,"0,4701457452",No
GUAVATÁ,2,4270,"0,4683840749",No
CHINÁCOTA,9,19219,"0,4682865914",No
ENVIGADO,116,249800,"0,4643714972",No
GALERAS,11,23805,"0,4620877967",No
VIJES,6,13046,"0,4599110839",No
GÜICÁN,2,4359,"0,4588208305",No
INÍRIDA,16,34963,"0,4576266339",No
ALVARADO,4,8759,"0,4566731362",No
BARICHARA,5,11018,"0,453802868",No
VETAS,1,2209,"0,4526935265",No
BARRANCAS,18,39801,"0,4522499435",No
COVEÑAS,9,19992,"0,450180072",No
BUENAVISTA,2,4455,"0,4489337823",No
BUENAVISTA,2,4455,"0,4489337823",No
PÁCORA,7,15593,"0,4489193869",No
GIRÓN,77,175170,"0,4395729862",No
SABOYÁ,6,14035,"0,4275026719",No
CERRITO,3,7063,"0,4247486904",No
ARJONA,32,75615,"0,4231964557",No
YUMBO,47,111474,"0,4216229793",No
PALMIRA,151,358806,"0,4208402312",No
MONTENEGRO,16,38469,"0,4159193117",No
ENTRERRÍOS,5,12096,"0,4133597884",No
SANDONÁ,8,19787,"0,4043058574",No
PACHAVITA,1,2474,"0,4042037187",No
ARMENIA(QUINDÍO),126,312551,"0,4031342085",No
PEREIRA,194,485373,"0,3996926075",No
LLORÓ,4,10071,"0,3971800218",No
TOCAIMA,7,17814,"0,3929493657",No
RIVERA,10,25544,"0,3914813655",No
BARANOA,27,69075,"0,3908794788",No
VÉLEZ,10,25693,"0,3892110692",No
LA MESA,15,38746,"0,3871367367",No
GUASCA,7,18160,"0,3854625551",No
SAN LORENZO,7,18415,"0,3801248982",No
UNE,3,7905,"0,3795066414",No
AGUA DE DIOS,5,13217,"0,3783006734",No
MOGOTES,4,10847,"0,3687655573",No
EL CERRITO,21,57851,"0,3630015039",No
TESALIA,4,11102,"0,3602954423",No
CONCORDIA,8,22364,"0,3577177607",No
CALI,814,2280907,"0,3568755763",No
ARBOLEDA,3,8427,"0,355998576",No
PITAL,5,14153,"0,3532819897",No
HATONUEVO,8,22873,"0,3497573558",No
PANDI,2,5720,"0,3496503497",No
LETICIA,18,52003,"0,3461338769",No
SAN ANDRÉS,3,8758,"0,3425439598",No
SAN PABLO,10,29476,"0,3392590582",No
CÁCOTA,1,2969,"0,336813742",No
CHITARAQUE,2,5944,"0,336473755",No
INZÁ,10,29918,"0,3342469416",No
IBAGUÉ,181,543949,"0,3327517837",No
LA PAZ,10,30657,"0,3261897772",No
BARRANQUILLA,426,1312473,"0,3245781056",No
LOS PATIOS,32,99081,"0,3229680766",No
BALBOA,7,21780,"0,3213957759",No
SOCORRO,11,34267,"0,3210085505",No
MALAMBO,46,143781,"0,3199310062",No
GIRARDOT,37,117744,"0,3142410654",No
EL CANTÓN DEL SAN PABLO,2,6388,"0,3130870382",No
SAN BERNARDO,3,9635,"0,3113648158",No
FACATATIVÁ,52,167309,"0,3108021684",No
RAGONVALIA,2,6459,"0,309645456",No
SAN LUIS DE SINCÉ,10,32675,"0,3060443764",No
AMBALEMA,2,6594,"0,3033060358",No
COTORRA,6,19845,"0,3023431595",No
PIJIÑO DEL CARMEN,4,13238,"0,3021604472",No
SILOS,2,6670,"0,299850075",No
POTOSÍ,3,10067,"0,2980033774",No
SAN GIL,18,60804,"0,2960331557",No
CÓRDOBA,5,16892,"0,2959981056",No
CÓRDOBA,5,16892,"0,2959981056",No
TINJACÁ,1,3397,"0,2943773918",No
PIEDRAS,2,6796,"0,2942907593",No
JESÚS MARÍA,1,3402,"0,2939447384",No
TÚQUERRES,13,44614,"0,2913883534",No
FÓMEQUE,4,13730,"0,2913328478",No
FUSAGASUGÁ,48,165340,"0,2903108746",No
CALARCÁ,22,76803,"0,286447144",No
SILVIA,11,38680,"0,2843846949",No
GUALMATÁN,2,7046,"0,2838489923",No
TIBIRITA,1,3523,"0,2838489923",No
UNIÓN PANAMERICANA,2,7095,"0,281888654",No
FLANDES,8,28766,"0,2781060975",No
CONTADERO,2,7242,"0,2761668048",No
MANIZALES,125,454077,"0,2752837074",No
CUMBAL,10,37072,"0,2697453604",No
OIBA,3,11385,"0,2635046113",No
BELÉN,2,7633,"0,2620201756",No
ILES,2,7639,"0,2618143736",No
CHACHAGÜÍ,4,15316,"0,261164795",No
SANTA CATALINA,4,15327,"0,2609773602",No
ARGELIA,7,27013,"0,2591344908",No
SAN MARCOS,16,62044,"0,2578815034",No
MONIQUIRÁ,6,23346,"0,257003341",No
SAN ESTANISLAO,5,19613,"0,2549329526",No
SABANETA,23,90743,"0,253463077",No
PALMAR DE VARELA,8,31969,"0,2502424223",No
LA PEDRERA,1,4013,"0,2491901321",No
RÁQUIRA,2,8136,"0,2458210423",No
SAN CARLOS,4,16304,"0,2453385672",No
GUAMAL,7,28626,"0,2445329421",No
CAIMITO,4,16419,"0,2436201961",No
TERUEL,2,8225,"0,2431610942",No
EL COCUY,1,4170,"0,2398081535",No
BRICEÑO,2,8373,"0,2388630121",No
CHIQUINQUIRÁ,14,58726,"0,2383952593",No
SAN SEBASTIÁN DE BUENAVISTA,5,21221,"0,2356156637",No
PIENDAMÓ,10,42515,"0,235211102",No
RÍO QUITO,2,8585,"0,2329644729",No
NILO,3,12902,"0,2325220896",No
MOMPÓS,11,47585,"0,2311652832",No
VILLA RICA,5,21674,"0,2306911507",No
LORICA,27,117188,"0,230399017",No
LURUACO,7,31230,"0,2241434518",No
ESPINAL,16,71383,"0,2241430032",No
CURITÍ,3,13535,"0,2216475803",No
ALMAGUER,4,18468,"0,2165908599",No
MUTISCUA,1,4617,"0,2165908599",No
TURBACO,25,116340,"0,214887399",No
CHOCONTÁ,5,23892,"0,2092750712",No
TUBARÁ,4,19415,"0,2060262683",No
PACOA,1,4881,"0,20487605",No
CARTAGENA DE INDIAS,215,1055035,"0,2037847086",No
TUNJA,37,181710,"0,2036211546",No
CIRCASIA,6,29802,"0,2013287699",No
POLONUEVO,4,20135,"0,1986590514",No
SAN ANTERO,7,35566,"0,196817185",No
SOGAMOSO,26,132895,"0,1956431769",No
TOTORÓ,5,26027,"0,1921081953",No
NUEVO COLÓN,1,5287,"0,1891431814",No
TOTA,1,5303,"0,1885725061",No
SAN CAYETANO,1,5339,"0,1873009927",No
CHIPAQUE,2,10786,"0,1854255516",No
PALERMO,5,27322,"0,1830027084",No
PROVIDENCIA,1,5558,"0,1799208348",No
MARGARITA,2,11392,"0,1755617978",No
MOTAVITA,1,5781,"0,1729804532",No
REPELÓN,5,28945,"0,1727414061",No
SANTA LUCÍA,3,17617,"0,1702900607",No
ARBELÁEZ,2,11753,"0,1701693185",No
PAMPLONITA,1,5903,"0,1694053871",No
OCAMONTE,1,5919,"0,1689474573",No
BUESACO,4,23935,"0,1671192814",No
PIEDECUESTA,31,186435,"0,1662777912",No
VENECIA,2,12080,"0,1655629139",No
CIÉNAGA DE ORO,10,61426,"0,1627975125",No
TURMEQUÉ,1,6239,"0,1602820965",No
SAMPUÉS,8,50010,"0,1599680064",No
FILANDIA,2,12570,"0,1591089897",No
CÁQUEZA,3,19257,"0,1557875058",No
GUACHUCAL,3,19356,"0,1549907006",No
DOSQUEBRADAS,34,227696,"0,1493219029",No
LABATECA,1,6699,"0,1492760113",No
BUCARASICA,1,6739,"0,1483899688",No
PESCA,1,6821,"0,1466060695",No
SAN PEDRO DE CARTAGO,1,6826,"0,1464986815",No
PAICOL,1,6832,"0,1463700234",No
FLORIDABLANCA,45,313745,"0,1434285805",No
"BOGOTÁ, D.C.",1098,7901653,"0,1389582661",No
GUAYABETAL,1,7232,"0,1382743363",No
SAPUYES,1,7238,"0,1381597126",No
GUATAVITA,1,7304,"0,1369112815",No
VILLAVIEJA,1,7357,"0,1359249694",No
ALDANA,1,7367,"0,1357404642",No
ALBÁN,1,7377,"0,1355564593",No
LOS SANTOS,2,15068,"0,1327316167",No
SIMIJACA,2,15080,"0,1326259947",No
ÚMBITA,1,7654,"0,1306506402",No
SAN PELAYO,7,53786,"0,130145391",No
SIBATÉ,5,39313,"0,1271843919",No
SANTA ROSA DE CABAL,10,80760,"0,1238236751",No
CAMPO DE LA CRUZ,3,24274,"0,1235890253",No
SOCHA,1,8195,"0,1220256254",No
LA VEGA,3,25036,"0,1198274485",No
PUERRES,1,8372,"0,1194457716",No
SOTAQUIRÁ,1,8417,"0,118807176",No
CERETÉ,13,110032,"0,118147448",No
TUTA,1,8577,"0,1165908826",No
VILLAMARÍA,8,68625,"0,116575592",No
SAHAGÚN,13,111882,"0,1161938471",No
ANAPOIMA,2,17227,"0,1160968248",No
ARATOCA,1,8646,"0,115660421",No
CUCUNUBÁ,1,8855,"0,1129305477",No
SOATÁ,1,8951,"0,111719361",No
TARQUI,2,18016,"0,1110124334",No
EL TAMBO,6,54629,"0,1098317743",No
SAN BERNARDO DEL VIENTO,4,37629,"0,1063009913",No
PUERTO SANTANDER,1,9439,"0,1059434262",No
ZIPAQUIRÁ,16,156983,"0,1019218642",No
NOROSÍ,1,10207,"0,09797198001",No
GACHANCIPÁ,2,20784,"0,09622786759",No
DUITAMA,12,128400,"0,09345794393",No
SALADOBLANCO,1,10738,"0,09312721177",No
MOSQUERA,15,161610,"0,09281603861",No
YACUANQUER,1,10967,"0,09118263883",No
SANTO TOMÁS,3,32960,"0,09101941748",No
PUERTO COLOMBIA,5,55269,"0,09046662686",No
SOPLAVIENTO,1,11114,"0,08997660608",No
GUAITARILLA,1,11335,"0,08822232025",No
SOACHA,71,808288,"0,08783997783",No
CACHIPAY,1,11478,"0,08712319219",No
GALAPA,6,69045,"0,08689984793",No
JUAN DE ACOSTA,2,23439,"0,08532787235",No
SOLEDAD,57,685106,"0,08319880427",No
TABIO,2,25964,"0,07702973348",No
TANGUA,1,13333,"0,07500187505",No
HATILLO DE LOBA,1,13345,"0,07493443237",No
SANTA ROSA DE VITERBO,1,13504,"0,0740521327",No
TALAIGUA NUEVO,1,13515,"0,0739918609",No
USIACURÍ,1,13538,"0,07386615453",No
SESQUILÉ,1,13561,"0,07374087457",No
TUCHÍN,4,55791,"0,07169615171",No
URIBIA,14,197327,"0,070948223",No
SAN JUAN DE BETULIA,1,14534,"0,06880418329",No
RICAURTE,1,15411,"0,06488871585",No
MOÑITOS,2,31047,"0,06441846233",No
SOPÓ,2,31106,"0,06429627725",No
ANOLAIMA,1,15633,"0,06396724877",No
FUNZA,7,112720,"0,0621007807",No
SUÁREZ,2,33053,"0,06050887968",No
MADRID,8,136374,"0,05866220834",No
PUPIALES,1,17234,"0,05802483463",No
PURÍSIMA DE LA CONCEPCIÓN,1,17850,"0,05602240896",No
CHIMÁ,1,18173,"0,05502668794",No
SAMACÁ,1,19075,"0,05242463958",No
GUACHENÉ,1,20340,"0,04916420846",No
TENJO,1,25841,"0,03869819279",No
MANAURE,3,96991,"0,03093070491",No
PAIPA,1,35153,"0,02844707422",No
LA CALERA,1,35301,"0,02832780941",No
COTA,1,39679,"0,02520224804",No
FLORENCIA,4,176706,"0,02263646962",No
TOCANCIPÁ,1,49035,"0,02039359641",No
VILLA DE SAN DIEGO DE UBATÉ,1,50309,"0,01987715916",No
MOSQUERA,3,161610,"0,01856320772",No
CHÍA,2,160435,"0,01246610777",No